"product_key","product_id","product_number","product_name","category_id","category","subcategory","maintenance","product_cost","product_line","start_date"
"1",210,"FR-R92B-58","HL Road Frame - Black- 58","CO_RF","Components","Road Frames","Yes",0,"Road","2003-07-01"
"2",210,"FR-R92B-58","HL Road Frame - Black- 58","CO_RF","Components","Road Frames","Yes",0,"Road","2003-07-01"
"3",211,"FR-R92R-58","HL Road Frame - Red- 58","CO_RF","Components","Road Frames","Yes",0,"Road","2003-07-01"
"4",211,"FR-R92R-58","HL Road Frame - Red- 58","CO_RF","Components","Road Frames","Yes",0,"Road","2003-07-01"
"5",348,"BK-M82B-38","Mountain-100 Black- 38","BI_MB","Bikes","Mountain Bikes","Yes",1898,"Mountain","2011-07-01"
"6",348,"BK-M82B-38","Mountain-100 Black- 38","BI_MB","Bikes","Mountain Bikes","Yes",1898,"Mountain","2011-07-01"
"7",349,"BK-M82B-42","Mountain-100 Black- 42","BI_MB","Bikes","Mountain Bikes","Yes",1898,"Mountain","2011-07-01"
"8",349,"BK-M82B-42","Mountain-100 Black- 42","BI_MB","Bikes","Mountain Bikes","Yes",1898,"Mountain","2011-07-01"
"9",350,"BK-M82B-44","Mountain-100 Black- 44","BI_MB","Bikes","Mountain Bikes","Yes",1898,"Mountain","2011-07-01"
"10",350,"BK-M82B-44","Mountain-100 Black- 44","BI_MB","Bikes","Mountain Bikes","Yes",1898,"Mountain","2011-07-01"
"11",351,"BK-M82B-48","Mountain-100 Black- 48","BI_MB","Bikes","Mountain Bikes","Yes",1898,"Mountain","2011-07-01"
"12",351,"BK-M82B-48","Mountain-100 Black- 48","BI_MB","Bikes","Mountain Bikes","Yes",1898,"Mountain","2011-07-01"
"13",344,"BK-M82S-38","Mountain-100 Silver- 38","BI_MB","Bikes","Mountain Bikes","Yes",1912,"Mountain","2011-07-01"
"14",344,"BK-M82S-38","Mountain-100 Silver- 38","BI_MB","Bikes","Mountain Bikes","Yes",1912,"Mountain","2011-07-01"
"15",345,"BK-M82S-42","Mountain-100 Silver- 42","BI_MB","Bikes","Mountain Bikes","Yes",1912,"Mountain","2011-07-01"
"16",345,"BK-M82S-42","Mountain-100 Silver- 42","BI_MB","Bikes","Mountain Bikes","Yes",1912,"Mountain","2011-07-01"
"17",346,"BK-M82S-44","Mountain-100 Silver- 44","BI_MB","Bikes","Mountain Bikes","Yes",1912,"Mountain","2011-07-01"
"18",346,"BK-M82S-44","Mountain-100 Silver- 44","BI_MB","Bikes","Mountain Bikes","Yes",1912,"Mountain","2011-07-01"
"19",347,"BK-M82S-48","Mountain-100 Silver- 48","BI_MB","Bikes","Mountain Bikes","Yes",1912,"Mountain","2011-07-01"
"20",347,"BK-M82S-48","Mountain-100 Silver- 48","BI_MB","Bikes","Mountain Bikes","Yes",1912,"Mountain","2011-07-01"
"21",317,"BK-R68R-44","Road-450 Red- 44","BI_RB","Bikes","Road Bikes","Yes",885,"Road","2011-07-01"
"22",317,"BK-R68R-44","Road-450 Red- 44","BI_RB","Bikes","Road Bikes","Yes",885,"Road","2011-07-01"
"23",318,"BK-R68R-48","Road-450 Red- 48","BI_RB","Bikes","Road Bikes","Yes",885,"Road","2011-07-01"
"24",318,"BK-R68R-48","Road-450 Red- 48","BI_RB","Bikes","Road Bikes","Yes",885,"Road","2011-07-01"
"25",319,"BK-R68R-52","Road-450 Red- 52","BI_RB","Bikes","Road Bikes","Yes",885,"Road","2011-07-01"
"26",319,"BK-R68R-52","Road-450 Red- 52","BI_RB","Bikes","Road Bikes","Yes",885,"Road","2011-07-01"
"27",315,"BK-R68R-58","Road-450 Red- 58","BI_RB","Bikes","Road Bikes","Yes",885,"Road","2011-07-01"
"28",315,"BK-R68R-58","Road-450 Red- 58","BI_RB","Bikes","Road Bikes","Yes",885,"Road","2011-07-01"
"29",316,"BK-R68R-60","Road-450 Red- 60","BI_RB","Bikes","Road Bikes","Yes",885,"Road","2011-07-01"
"30",316,"BK-R68R-60","Road-450 Red- 60","BI_RB","Bikes","Road Bikes","Yes",885,"Road","2011-07-01"
"31",311,"BK-R93R-44","Road-150 Red- 44","BI_RB","Bikes","Road Bikes","Yes",2171,"Road","2011-07-01"
"32",311,"BK-R93R-44","Road-150 Red- 44","BI_RB","Bikes","Road Bikes","Yes",2171,"Road","2011-07-01"
"33",312,"BK-R93R-48","Road-150 Red- 48","BI_RB","Bikes","Road Bikes","Yes",2171,"Road","2011-07-01"
"34",312,"BK-R93R-48","Road-150 Red- 48","BI_RB","Bikes","Road Bikes","Yes",2171,"Road","2011-07-01"
"35",313,"BK-R93R-52","Road-150 Red- 52","BI_RB","Bikes","Road Bikes","Yes",2171,"Road","2011-07-01"
"36",313,"BK-R93R-52","Road-150 Red- 52","BI_RB","Bikes","Road Bikes","Yes",2171,"Road","2011-07-01"
"37",314,"BK-R93R-56","Road-150 Red- 56","BI_RB","Bikes","Road Bikes","Yes",2171,"Road","2011-07-01"
"38",314,"BK-R93R-56","Road-150 Red- 56","BI_RB","Bikes","Road Bikes","Yes",2171,"Road","2011-07-01"
"39",310,"BK-R93R-62","Road-150 Red- 62","BI_RB","Bikes","Road Bikes","Yes",2171,"Road","2011-07-01"
"40",310,"BK-R93R-62","Road-150 Red- 62","BI_RB","Bikes","Road Bikes","Yes",2171,"Road","2011-07-01"
"41",299,"FR-M94B-44","HL Mountain Frame - Black- 44","CO_MF","Components","Mountain Frames","Yes",699,"Mountain","2011-07-01"
"42",299,"FR-M94B-44","HL Mountain Frame - Black- 44","CO_MF","Components","Mountain Frames","Yes",699,"Mountain","2011-07-01"
"43",300,"FR-M94B-48","HL Mountain Frame - Black- 48","CO_MF","Components","Mountain Frames","Yes",699,"Mountain","2011-07-01"
"44",300,"FR-M94B-48","HL Mountain Frame - Black- 48","CO_MF","Components","Mountain Frames","Yes",699,"Mountain","2011-07-01"
"45",291,"FR-M94S-44","HL Mountain Frame - Silver- 44","CO_MF","Components","Mountain Frames","Yes",707,"Mountain","2011-07-01"
"46",291,"FR-M94S-44","HL Mountain Frame - Silver- 44","CO_MF","Components","Mountain Frames","Yes",707,"Mountain","2011-07-01"
"47",292,"FR-M94S-52","HL Mountain Frame - Silver- 48","CO_MF","Components","Mountain Frames","Yes",707,"Mountain","2011-07-01"
"48",292,"FR-M94S-52","HL Mountain Frame - Silver- 48","CO_MF","Components","Mountain Frames","Yes",707,"Mountain","2011-07-01"
"49",274,"FR-R72R-44","ML Road Frame - Red- 44","CO_RF","Components","Road Frames","Yes",352,"Road","2011-07-01"
"50",274,"FR-R72R-44","ML Road Frame - Red- 44","CO_RF","Components","Road Frames","Yes",352,"Road","2011-07-01"
"51",275,"FR-R72R-48","ML Road Frame - Red- 48","CO_RF","Components","Road Frames","Yes",352,"Road","2011-07-01"
"52",275,"FR-R72R-48","ML Road Frame - Red- 48","CO_RF","Components","Road Frames","Yes",352,"Road","2011-07-01"
"53",276,"FR-R72R-52","ML Road Frame - Red- 52","CO_RF","Components","Road Frames","Yes",352,"Road","2011-07-01"
"54",276,"FR-R72R-52","ML Road Frame - Red- 52","CO_RF","Components","Road Frames","Yes",352,"Road","2011-07-01"
"55",277,"FR-R72R-58","ML Road Frame - Red- 58","CO_RF","Components","Road Frames","Yes",352,"Road","2011-07-01"
"56",277,"FR-R72R-58","ML Road Frame - Red- 58","CO_RF","Components","Road Frames","Yes",352,"Road","2011-07-01"
"57",278,"FR-R72R-60","ML Road Frame - Red- 60","CO_RF","Components","Road Frames","Yes",352,"Road","2011-07-01"
"58",278,"FR-R72R-60","ML Road Frame - Red- 60","CO_RF","Components","Road Frames","Yes",352,"Road","2011-07-01"
"59",219,"SO-B909-L","Mountain Bike Socks- L","CL_SO","Clothing","Socks","No",3,"Mountain","2011-07-01"
"60",219,"SO-B909-L","Mountain Bike Socks- L","CL_SO","Clothing","Socks","No",3,"Mountain","2011-07-01"
"61",218,"SO-B909-M","Mountain Bike Socks- M","CL_SO","Clothing","Socks","No",3,"Mountain","2011-07-01"
"62",218,"SO-B909-M","Mountain Bike Socks- M","CL_SO","Clothing","Socks","No",3,"Mountain","2011-07-01"
"63",364,"BK-M47B-38","Mountain-300 Black- 38","BI_MB","Bikes","Mountain Bikes","Yes",598,"Mountain","2012-07-01"
"64",364,"BK-M47B-38","Mountain-300 Black- 38","BI_MB","Bikes","Mountain Bikes","Yes",598,"Mountain","2012-07-01"
"65",365,"BK-M47B-40","Mountain-300 Black- 40","BI_MB","Bikes","Mountain Bikes","Yes",598,"Mountain","2012-07-01"
"66",365,"BK-M47B-40","Mountain-300 Black- 40","BI_MB","Bikes","Mountain Bikes","Yes",598,"Mountain","2012-07-01"
"67",366,"BK-M47B-44","Mountain-300 Black- 44","BI_MB","Bikes","Mountain Bikes","Yes",598,"Mountain","2012-07-01"
"68",366,"BK-M47B-44","Mountain-300 Black- 44","BI_MB","Bikes","Mountain Bikes","Yes",598,"Mountain","2012-07-01"
"69",367,"BK-M47B-48","Mountain-300 Black- 48","BI_MB","Bikes","Mountain Bikes","Yes",598,"Mountain","2012-07-01"
"70",367,"BK-M47B-48","Mountain-300 Black- 48","BI_MB","Bikes","Mountain Bikes","Yes",598,"Mountain","2012-07-01"
"71",339,"BK-R50B-44","Road-650 Black- 44","BI_RB","Bikes","Road Bikes","Yes",487,"Road","2012-07-01"
"72",339,"BK-R50B-44","Road-650 Black- 44","BI_RB","Bikes","Road Bikes","Yes",487,"Road","2012-07-01"
"73",341,"BK-R50B-48","Road-650 Black- 48","BI_RB","Bikes","Road Bikes","Yes",487,"Road","2012-07-01"
"74",341,"BK-R50B-48","Road-650 Black- 48","BI_RB","Bikes","Road Bikes","Yes",487,"Road","2012-07-01"
"75",343,"BK-R50B-52","Road-650 Black- 52","BI_RB","Bikes","Road Bikes","Yes",487,"Road","2012-07-01"
"76",343,"BK-R50B-52","Road-650 Black- 52","BI_RB","Bikes","Road Bikes","Yes",487,"Road","2012-07-01"
"77",333,"BK-R50B-58","Road-650 Black- 58","BI_RB","Bikes","Road Bikes","Yes",487,"Road","2012-07-01"
"78",333,"BK-R50B-58","Road-650 Black- 58","BI_RB","Bikes","Road Bikes","Yes",487,"Road","2012-07-01"
"79",335,"BK-R50B-60","Road-650 Black- 60","BI_RB","Bikes","Road Bikes","Yes",487,"Road","2012-07-01"
"80",335,"BK-R50B-60","Road-650 Black- 60","BI_RB","Bikes","Road Bikes","Yes",487,"Road","2012-07-01"
"81",337,"BK-R50B-62","Road-650 Black- 62","BI_RB","Bikes","Road Bikes","Yes",487,"Road","2012-07-01"
"82",337,"BK-R50B-62","Road-650 Black- 62","BI_RB","Bikes","Road Bikes","Yes",487,"Road","2012-07-01"
"83",327,"BK-R50R-44","Road-650 Red- 44","BI_RB","Bikes","Road Bikes","Yes",487,"Road","2012-07-01"
"84",327,"BK-R50R-44","Road-650 Red- 44","BI_RB","Bikes","Road Bikes","Yes",487,"Road","2012-07-01"
"85",329,"BK-R50R-48","Road-650 Red- 48","BI_RB","Bikes","Road Bikes","Yes",487,"Road","2012-07-01"
"86",329,"BK-R50R-48","Road-650 Red- 48","BI_RB","Bikes","Road Bikes","Yes",487,"Road","2012-07-01"
"87",331,"BK-R50R-52","Road-650 Red- 52","BI_RB","Bikes","Road Bikes","Yes",487,"Road","2012-07-01"
"88",331,"BK-R50R-52","Road-650 Red- 52","BI_RB","Bikes","Road Bikes","Yes",487,"Road","2012-07-01"
"89",321,"BK-R50R-58","Road-650 Red- 58","BI_RB","Bikes","Road Bikes","Yes",487,"Road","2012-07-01"
"90",321,"BK-R50R-58","Road-650 Red- 58","BI_RB","Bikes","Road Bikes","Yes",487,"Road","2012-07-01"
"91",323,"BK-R50R-60","Road-650 Red- 60","BI_RB","Bikes","Road Bikes","Yes",487,"Road","2012-07-01"
"92",323,"BK-R50R-60","Road-650 Red- 60","BI_RB","Bikes","Road Bikes","Yes",487,"Road","2012-07-01"
"93",325,"BK-R50R-62","Road-650 Red- 62","BI_RB","Bikes","Road Bikes","Yes",487,"Road","2012-07-01"
"94",325,"BK-R50R-62","Road-650 Red- 62","BI_RB","Bikes","Road Bikes","Yes",487,"Road","2012-07-01"
"95",368,"BK-R89R-44","Road-250 Red- 44","BI_RB","Bikes","Road Bikes","Yes",1519,"Road","2012-07-01"
"96",368,"BK-R89R-44","Road-250 Red- 44","BI_RB","Bikes","Road Bikes","Yes",1519,"Road","2012-07-01"
"97",369,"BK-R89R-48","Road-250 Red- 48","BI_RB","Bikes","Road Bikes","Yes",1519,"Road","2012-07-01"
"98",369,"BK-R89R-48","Road-250 Red- 48","BI_RB","Bikes","Road Bikes","Yes",1519,"Road","2012-07-01"
"99",370,"BK-R89R-52","Road-250 Red- 52","BI_RB","Bikes","Road Bikes","Yes",1519,"Road","2012-07-01"
"100",370,"BK-R89R-52","Road-250 Red- 52","BI_RB","Bikes","Road Bikes","Yes",1519,"Road","2012-07-01"
"101",391,"FK-1639","LL Fork","CO_FO","Components","Forks","Yes",66,"n/a","2012-07-01"
"102",391,"FK-1639","LL Fork","CO_FO","Components","Forks","Yes",66,"n/a","2012-07-01"
"103",392,"FK-5136","ML Fork","CO_FO","Components","Forks","Yes",78,"n/a","2012-07-01"
"104",392,"FK-5136","ML Fork","CO_FO","Components","Forks","Yes",78,"n/a","2012-07-01"
"105",393,"FK-9939","HL Fork","CO_FO","Components","Forks","Yes",102,"n/a","2012-07-01"
"106",393,"FK-9939","HL Fork","CO_FO","Components","Forks","Yes",102,"n/a","2012-07-01"
"107",409,"FR-M63B-38","ML Mountain Frame - Black- 38","CO_MF","Components","Mountain Frames","Yes",186,"Mountain","2012-07-01"
"108",409,"FR-M63B-38","ML Mountain Frame - Black- 38","CO_MF","Components","Mountain Frames","Yes",186,"Mountain","2012-07-01"
"109",426,"FR-M63B-40","ML Mountain Frame - Black- 40","CO_MF","Components","Mountain Frames","Yes",186,"Mountain","2012-07-01"
"110",426,"FR-M63B-40","ML Mountain Frame - Black- 40","CO_MF","Components","Mountain Frames","Yes",186,"Mountain","2012-07-01"
"111",427,"FR-M63B-44","ML Mountain Frame - Black- 44","CO_MF","Components","Mountain Frames","Yes",186,"Mountain","2012-07-01"
"112",427,"FR-M63B-44","ML Mountain Frame - Black- 44","CO_MF","Components","Mountain Frames","Yes",186,"Mountain","2012-07-01"
"113",428,"FR-M63B-48","ML Mountain Frame - Black- 48","CO_MF","Components","Mountain Frames","Yes",186,"Mountain","2012-07-01"
"114",428,"FR-M63B-48","ML Mountain Frame - Black- 48","CO_MF","Components","Mountain Frames","Yes",186,"Mountain","2012-07-01"
"115",263,"FR-R38R-44","LL Road Frame - Red- 44","CO_RF","Components","Road Frames","Yes",187,"Road","2012-07-01"
"116",263,"FR-R38R-44","LL Road Frame - Red- 44","CO_RF","Components","Road Frames","Yes",187,"Road","2012-07-01"
"117",265,"FR-R38R-48","LL Road Frame - Red- 48","CO_RF","Components","Road Frames","Yes",187,"Road","2012-07-01"
"118",265,"FR-R38R-48","LL Road Frame - Red- 48","CO_RF","Components","Road Frames","Yes",187,"Road","2012-07-01"
"119",267,"FR-R38R-52","LL Road Frame - Red- 52","CO_RF","Components","Road Frames","Yes",187,"Road","2012-07-01"
"120",267,"FR-R38R-52","LL Road Frame - Red- 52","CO_RF","Components","Road Frames","Yes",187,"Road","2012-07-01"
"121",269,"FR-R38R-58","LL Road Frame - Red- 58","CO_RF","Components","Road Frames","Yes",187,"Road","2012-07-01"
"122",269,"FR-R38R-58","LL Road Frame - Red- 58","CO_RF","Components","Road Frames","Yes",187,"Road","2012-07-01"
"123",271,"FR-R38R-60","LL Road Frame - Red- 60","CO_RF","Components","Road Frames","Yes",187,"Road","2012-07-01"
"124",271,"FR-R38R-60","LL Road Frame - Red- 60","CO_RF","Components","Road Frames","Yes",187,"Road","2012-07-01"
"125",273,"FR-R38R-62","LL Road Frame - Red- 62","CO_RF","Components","Road Frames","Yes",187,"Road","2012-07-01"
"126",273,"FR-R38R-62","LL Road Frame - Red- 62","CO_RF","Components","Road Frames","Yes",187,"Road","2012-07-01"
"127",410,"FW-M423","LL Mountain Front Wheel","CO_WH","Components","Wheels","Yes",27,"Mountain","2012-07-01"
"128",410,"FW-M423","LL Mountain Front Wheel","CO_WH","Components","Wheels","Yes",27,"Mountain","2012-07-01"
"129",411,"FW-M762","ML Mountain Front Wheel","CO_WH","Components","Wheels","Yes",93,"Mountain","2012-07-01"
"130",411,"FW-M762","ML Mountain Front Wheel","CO_WH","Components","Wheels","Yes",93,"Mountain","2012-07-01"
"131",412,"FW-M928","HL Mountain Front Wheel","CO_WH","Components","Wheels","Yes",133,"Mountain","2012-07-01"
"132",412,"FW-M928","HL Mountain Front Wheel","CO_WH","Components","Wheels","Yes",133,"Mountain","2012-07-01"
"133",413,"FW-R623","LL Road Front Wheel","CO_WH","Components","Wheels","Yes",38,"Road","2012-07-01"
"134",413,"FW-R623","LL Road Front Wheel","CO_WH","Components","Wheels","Yes",38,"Road","2012-07-01"
"135",414,"FW-R762","ML Road Front Wheel","CO_WH","Components","Wheels","Yes",110,"Road","2012-07-01"
"136",414,"FW-R762","ML Road Front Wheel","CO_WH","Components","Wheels","Yes",110,"Road","2012-07-01"
"137",415,"FW-R820","HL Road Front Wheel","CO_WH","Components","Wheels","Yes",147,"Road","2012-07-01"
"138",415,"FW-R820","HL Road Front Wheel","CO_WH","Components","Wheels","Yes",147,"Road","2012-07-01"
"139",416,"FW-T905","Touring Front Wheel","CO_WH","Components","Wheels","Yes",97,"Touring","2012-07-01"
"140",416,"FW-T905","Touring Front Wheel","CO_WH","Components","Wheels","Yes",97,"Touring","2012-07-01"
"141",470,"GL-F110-L","Full-Finger Gloves- L","CL_GL","Clothing","Gloves","No",16,"Mountain","2012-07-01"
"142",470,"GL-F110-L","Full-Finger Gloves- L","CL_GL","Clothing","Gloves","No",16,"Mountain","2012-07-01"
"143",469,"GL-F110-M","Full-Finger Gloves- M","CL_GL","Clothing","Gloves","No",16,"Mountain","2012-07-01"
"144",469,"GL-F110-M","Full-Finger Gloves- M","CL_GL","Clothing","Gloves","No",16,"Mountain","2012-07-01"
"145",468,"GL-F110-S","Full-Finger Gloves- S","CL_GL","Clothing","Gloves","No",16,"Mountain","2012-07-01"
"146",468,"GL-F110-S","Full-Finger Gloves- S","CL_GL","Clothing","Gloves","No",16,"Mountain","2012-07-01"
"147",394,"HS-0296","LL Headset","CO_HS","Components","Headsets","No",15,"n/a","2012-07-01"
"148",394,"HS-0296","LL Headset","CO_HS","Components","Headsets","No",15,"n/a","2012-07-01"
"149",395,"HS-2451","ML Headset","CO_HS","Components","Headsets","No",45,"n/a","2012-07-01"
"150",395,"HS-2451","ML Headset","CO_HS","Components","Headsets","No",45,"n/a","2012-07-01"
"151",396,"HS-3479","HL Headset","CO_HS","Components","Headsets","No",55,"n/a","2012-07-01"
"152",396,"HS-3479","HL Headset","CO_HS","Components","Headsets","No",55,"n/a","2012-07-01"
"153",447,"LO-C100","Cable Lock","AC_LO","Accessories","Locks","Yes",10,"Other Sales","2012-07-01"
"154",447,"LO-C100","Cable Lock","AC_LO","Accessories","Locks","Yes",10,"Other Sales","2012-07-01"
"155",451,"LT-H902","Headlights - Dual-Beam","AC_LI","Accessories","Lights","Yes",14,"Road","2012-07-01"
"156",451,"LT-H902","Headlights - Dual-Beam","AC_LI","Accessories","Lights","Yes",14,"Road","2012-07-01"
"157",452,"LT-H903","Headlights - Weatherproof","AC_LI","Accessories","Lights","Yes",19,"Road","2012-07-01"
"158",452,"LT-H903","Headlights - Weatherproof","AC_LI","Accessories","Lights","Yes",19,"Road","2012-07-01"
"159",450,"LT-T990","Taillights - Battery-Powered","AC_LI","Accessories","Lights","Yes",6,"Road","2012-07-01"
"160",450,"LT-T990","Taillights - Battery-Powered","AC_LI","Accessories","Lights","Yes",6,"Road","2012-07-01"
"161",446,"PA-T100","Touring-Panniers- Large","AC_PA","Accessories","Panniers","No",52,"Touring","2012-07-01"
"162",446,"PA-T100","Touring-Panniers- Large","AC_PA","Accessories","Panniers","No",52,"Touring","2012-07-01"
"163",448,"PU-0452","Minipump","AC_PU","Accessories","Pumps","Yes",8,"Other Sales","2012-07-01"
"164",448,"PU-0452","Minipump","AC_PU","Accessories","Pumps","Yes",8,"Other Sales","2012-07-01"
"165",449,"PU-M044","Mountain Pump","AC_PU","Accessories","Pumps","Yes",10,"Mountain","2012-07-01"
"166",449,"PU-M044","Mountain Pump","AC_PU","Accessories","Pumps","Yes",10,"Mountain","2012-07-01"
"167",419,"RW-M423","LL Mountain Rear Wheel","CO_WH","Components","Wheels","Yes",39,"Mountain","2012-07-01"
"168",419,"RW-M423","LL Mountain Rear Wheel","CO_WH","Components","Wheels","Yes",39,"Mountain","2012-07-01"
"169",420,"RW-M762","ML Mountain Rear Wheel","CO_WH","Components","Wheels","Yes",105,"Mountain","2012-07-01"
"170",420,"RW-M762","ML Mountain Rear Wheel","CO_WH","Components","Wheels","Yes",105,"Mountain","2012-07-01"
"171",421,"RW-M928","HL Mountain Rear Wheel","CO_WH","Components","Wheels","Yes",145,"Mountain","2012-07-01"
"172",421,"RW-M928","HL Mountain Rear Wheel","CO_WH","Components","Wheels","Yes",145,"Mountain","2012-07-01"
"173",422,"RW-R623","LL Road Rear Wheel","CO_WH","Components","Wheels","Yes",50,"Road","2012-07-01"
"174",422,"RW-R623","LL Road Rear Wheel","CO_WH","Components","Wheels","Yes",50,"Road","2012-07-01"
"175",423,"RW-R762","ML Road Rear Wheel","CO_WH","Components","Wheels","Yes",122,"Road","2012-07-01"
"176",423,"RW-R762","ML Road Rear Wheel","CO_WH","Components","Wheels","Yes",122,"Road","2012-07-01"
"177",424,"RW-R820","HL Road Rear Wheel","CO_WH","Components","Wheels","Yes",159,"Road","2012-07-01"
"178",424,"RW-R820","HL Road Rear Wheel","CO_WH","Components","Wheels","Yes",159,"Road","2012-07-01"
"179",425,"RW-T905","Touring Rear Wheel","CO_WH","Components","Wheels","Yes",109,"Touring","2012-07-01"
"180",425,"RW-T905","Touring Rear Wheel","CO_WH","Components","Wheels","Yes",109,"Touring","2012-07-01"
"181",461,"SB-M891-L","Men's Bib-Shorts- L","CL_BS","Clothing","Bib-Shorts","No",37,"Other Sales","2012-07-01"
"182",461,"SB-M891-L","Men's Bib-Shorts- L","CL_BS","Clothing","Bib-Shorts","No",37,"Other Sales","2012-07-01"
"183",460,"SB-M891-M","Men's Bib-Shorts- M","CL_BS","Clothing","Bib-Shorts","No",37,"Other Sales","2012-07-01"
"184",460,"SB-M891-M","Men's Bib-Shorts- M","CL_BS","Clothing","Bib-Shorts","No",37,"Other Sales","2012-07-01"
"185",459,"SB-M891-S","Men's Bib-Shorts- S","CL_BS","Clothing","Bib-Shorts","No",37,"Other Sales","2012-07-01"
"186",459,"SB-M891-S","Men's Bib-Shorts- S","CL_BS","Clothing","Bib-Shorts","No",37,"Other Sales","2012-07-01"
"187",454,"SH-M897-L","Men's Sports Shorts- L","CL_SH","Clothing","Shorts","No",25,"Other Sales","2012-07-01"
"188",454,"SH-M897-L","Men's Sports Shorts- L","CL_SH","Clothing","Shorts","No",25,"Other Sales","2012-07-01"
"189",453,"SH-M897-M","Men's Sports Shorts- M","CL_SH","Clothing","Shorts","No",25,"Other Sales","2012-07-01"
"190",453,"SH-M897-M","Men's Sports Shorts- M","CL_SH","Clothing","Shorts","No",25,"Other Sales","2012-07-01"
"191",445,"SH-M897-S","Men's Sports Shorts- S","CL_SH","Clothing","Shorts","No",25,"Other Sales","2012-07-01"
"192",445,"SH-M897-S","Men's Sports Shorts- S","CL_SH","Clothing","Shorts","No",25,"Other Sales","2012-07-01"
"193",455,"SH-M897-X","Men's Sports Shorts- XL","CL_SH","Clothing","Shorts","No",25,"Other Sales","2012-07-01"
"194",455,"SH-M897-X","Men's Sports Shorts- XL","CL_SH","Clothing","Shorts","No",25,"Other Sales","2012-07-01"
"195",458,"TG-W091-L","Women's Tights- L","CL_TI","Clothing","Tights","No",31,"Other Sales","2012-07-01"
"196",458,"TG-W091-L","Women's Tights- L","CL_TI","Clothing","Tights","No",31,"Other Sales","2012-07-01"
"197",457,"TG-W091-M","Women's Tights- M","CL_TI","Clothing","Tights","No",31,"Other Sales","2012-07-01"
"198",457,"TG-W091-M","Women's Tights- M","CL_TI","Clothing","Tights","No",31,"Other Sales","2012-07-01"
"199",456,"TG-W091-S","Women's Tights- S","CL_TI","Clothing","Tights","No",31,"Other Sales","2012-07-01"
"200",456,"TG-W091-S","Women's Tights- S","CL_TI","Clothing","Tights","No",31,"Other Sales","2012-07-01"
"201",601,"BB-7421","LL Bottom Bracket","CO_BB","Components","Bottom Brackets","Yes",24,"n/a","2013-07-01"
"202",601,"BB-7421","LL Bottom Bracket","CO_BB","Components","Bottom Brackets","Yes",24,"n/a","2013-07-01"
"203",602,"BB-8107","ML Bottom Bracket","CO_BB","Components","Bottom Brackets","Yes",45,"n/a","2013-07-01"
"204",602,"BB-8107","ML Bottom Bracket","CO_BB","Components","Bottom Brackets","Yes",45,"n/a","2013-07-01"
"205",603,"BB-9108","HL Bottom Bracket","CO_BB","Components","Bottom Brackets","Yes",54,"n/a","2013-07-01"
"206",603,"BB-9108","HL Bottom Bracket","CO_BB","Components","Bottom Brackets","Yes",54,"n/a","2013-07-01"
"207",478,"BC-M005","Mountain Bottle Cage","AC_BC","Accessories","Bottles and Cages","No",4,"Mountain","2013-07-01"
"208",478,"BC-M005","Mountain Bottle Cage","AC_BC","Accessories","Bottles and Cages","No",4,"Mountain","2013-07-01"
"209",479,"BC-R205","Road Bottle Cage","AC_BC","Accessories","Bottles and Cages","No",3,"Road","2013-07-01"
"210",479,"BC-R205","Road Bottle Cage","AC_BC","Accessories","Bottles and Cages","No",3,"Road","2013-07-01"
"211",596,"BK-M18B-40","Mountain-500 Black- 40","BI_MB","Bikes","Mountain Bikes","Yes",295,"Mountain","2013-07-01"
"212",596,"BK-M18B-40","Mountain-500 Black- 40","BI_MB","Bikes","Mountain Bikes","Yes",295,"Mountain","2013-07-01"
"213",597,"BK-M18B-42","Mountain-500 Black- 42","BI_MB","Bikes","Mountain Bikes","Yes",295,"Mountain","2013-07-01"
"214",597,"BK-M18B-42","Mountain-500 Black- 42","BI_MB","Bikes","Mountain Bikes","Yes",295,"Mountain","2013-07-01"
"215",598,"BK-M18B-44","Mountain-500 Black- 44","BI_MB","Bikes","Mountain Bikes","Yes",295,"Mountain","2013-07-01"
"216",598,"BK-M18B-44","Mountain-500 Black- 44","BI_MB","Bikes","Mountain Bikes","Yes",295,"Mountain","2013-07-01"
"217",599,"BK-M18B-48","Mountain-500 Black- 48","BI_MB","Bikes","Mountain Bikes","Yes",295,"Mountain","2013-07-01"
"218",599,"BK-M18B-48","Mountain-500 Black- 48","BI_MB","Bikes","Mountain Bikes","Yes",295,"Mountain","2013-07-01"
"219",600,"BK-M18B-52","Mountain-500 Black- 52","BI_MB","Bikes","Mountain Bikes","Yes",295,"Mountain","2013-07-01"
"220",600,"BK-M18B-52","Mountain-500 Black- 52","BI_MB","Bikes","Mountain Bikes","Yes",295,"Mountain","2013-07-01"
"221",591,"BK-M18S-40","Mountain-500 Silver- 40","BI_MB","Bikes","Mountain Bikes","Yes",308,"Mountain","2013-07-01"
"222",591,"BK-M18S-40","Mountain-500 Silver- 40","BI_MB","Bikes","Mountain Bikes","Yes",308,"Mountain","2013-07-01"
"223",592,"BK-M18S-42","Mountain-500 Silver- 42","BI_MB","Bikes","Mountain Bikes","Yes",308,"Mountain","2013-07-01"
"224",592,"BK-M18S-42","Mountain-500 Silver- 42","BI_MB","Bikes","Mountain Bikes","Yes",308,"Mountain","2013-07-01"
"225",593,"BK-M18S-44","Mountain-500 Silver- 44","BI_MB","Bikes","Mountain Bikes","Yes",308,"Mountain","2013-07-01"
"226",593,"BK-M18S-44","Mountain-500 Silver- 44","BI_MB","Bikes","Mountain Bikes","Yes",308,"Mountain","2013-07-01"
"227",594,"BK-M18S-48","Mountain-500 Silver- 48","BI_MB","Bikes","Mountain Bikes","Yes",308,"Mountain","2013-07-01"
"228",594,"BK-M18S-48","Mountain-500 Silver- 48","BI_MB","Bikes","Mountain Bikes","Yes",308,"Mountain","2013-07-01"
"229",595,"BK-M18S-52","Mountain-500 Silver- 52","BI_MB","Bikes","Mountain Bikes","Yes",308,"Mountain","2013-07-01"
"230",595,"BK-M18S-52","Mountain-500 Silver- 52","BI_MB","Bikes","Mountain Bikes","Yes",308,"Mountain","2013-07-01"
"231",587,"BK-M38S-38","Mountain-400-W Silver- 38","BI_MB","Bikes","Mountain Bikes","Yes",420,"Mountain","2013-07-01"
"232",587,"BK-M38S-38","Mountain-400-W Silver- 38","BI_MB","Bikes","Mountain Bikes","Yes",420,"Mountain","2013-07-01"
"233",588,"BK-M38S-40","Mountain-400-W Silver- 40","BI_MB","Bikes","Mountain Bikes","Yes",420,"Mountain","2013-07-01"
"234",588,"BK-M38S-40","Mountain-400-W Silver- 40","BI_MB","Bikes","Mountain Bikes","Yes",420,"Mountain","2013-07-01"
"235",589,"BK-M38S-42","Mountain-400-W Silver- 42","BI_MB","Bikes","Mountain Bikes","Yes",420,"Mountain","2013-07-01"
"236",589,"BK-M38S-42","Mountain-400-W Silver- 42","BI_MB","Bikes","Mountain Bikes","Yes",420,"Mountain","2013-07-01"
"237",590,"BK-M38S-46","Mountain-400-W Silver- 46","BI_MB","Bikes","Mountain Bikes","Yes",420,"Mountain","2013-07-01"
"238",590,"BK-M38S-46","Mountain-400-W Silver- 46","BI_MB","Bikes","Mountain Bikes","Yes",420,"Mountain","2013-07-01"
"239",359,"BK-M68B-38","Mountain-200 Black- 38","BI_MB","Bikes","Mountain Bikes","Yes",1252,"Mountain","2013-07-01"
"240",359,"BK-M68B-38","Mountain-200 Black- 38","BI_MB","Bikes","Mountain Bikes","Yes",1252,"Mountain","2013-07-01"
"241",361,"BK-M68B-42","Mountain-200 Black- 42","BI_MB","Bikes","Mountain Bikes","Yes",1252,"Mountain","2013-07-01"
"242",361,"BK-M68B-42","Mountain-200 Black- 42","BI_MB","Bikes","Mountain Bikes","Yes",1252,"Mountain","2013-07-01"
"243",363,"BK-M68B-46","Mountain-200 Black- 46","BI_MB","Bikes","Mountain Bikes","Yes",1252,"Mountain","2013-07-01"
"244",363,"BK-M68B-46","Mountain-200 Black- 46","BI_MB","Bikes","Mountain Bikes","Yes",1252,"Mountain","2013-07-01"
"245",353,"BK-M68S-38","Mountain-200 Silver- 38","BI_MB","Bikes","Mountain Bikes","Yes",1266,"Mountain","2013-07-01"
"246",353,"BK-M68S-38","Mountain-200 Silver- 38","BI_MB","Bikes","Mountain Bikes","Yes",1266,"Mountain","2013-07-01"
"247",355,"BK-M68S-42","Mountain-200 Silver- 42","BI_MB","Bikes","Mountain Bikes","Yes",1266,"Mountain","2013-07-01"
"248",355,"BK-M68S-42","Mountain-200 Silver- 42","BI_MB","Bikes","Mountain Bikes","Yes",1266,"Mountain","2013-07-01"
"249",357,"BK-M68S-46","Mountain-200 Silver- 46","BI_MB","Bikes","Mountain Bikes","Yes",1266,"Mountain","2013-07-01"
"250",357,"BK-M68S-46","Mountain-200 Silver- 46","BI_MB","Bikes","Mountain Bikes","Yes",1266,"Mountain","2013-07-01"
"251",604,"BK-R19B-44","Road-750 Black- 44","BI_RB","Bikes","Road Bikes","Yes",344,"Road","2013-07-01"
"252",604,"BK-R19B-44","Road-750 Black- 44","BI_RB","Bikes","Road Bikes","Yes",344,"Road","2013-07-01"
"253",605,"BK-R19B-48","Road-750 Black- 48","BI_RB","Bikes","Road Bikes","Yes",344,"Road","2013-07-01"
"254",605,"BK-R19B-48","Road-750 Black- 48","BI_RB","Bikes","Road Bikes","Yes",344,"Road","2013-07-01"
"255",606,"BK-R19B-52","Road-750 Black- 52","BI_RB","Bikes","Road Bikes","Yes",344,"Road","2013-07-01"
"256",606,"BK-R19B-52","Road-750 Black- 52","BI_RB","Bikes","Road Bikes","Yes",344,"Road","2013-07-01"
"257",584,"BK-R19B-58","Road-750 Black- 58","BI_RB","Bikes","Road Bikes","Yes",344,"Road","2013-07-01"
"258",584,"BK-R19B-58","Road-750 Black- 58","BI_RB","Bikes","Road Bikes","Yes",344,"Road","2013-07-01"
"259",382,"BK-R64Y-38","Road-550-W Yellow- 38","BI_RB","Bikes","Road Bikes","Yes",713,"Road","2013-07-01"
"260",382,"BK-R64Y-38","Road-550-W Yellow- 38","BI_RB","Bikes","Road Bikes","Yes",713,"Road","2013-07-01"
"261",384,"BK-R64Y-40","Road-550-W Yellow- 40","BI_RB","Bikes","Road Bikes","Yes",713,"Road","2013-07-01"
"262",384,"BK-R64Y-40","Road-550-W Yellow- 40","BI_RB","Bikes","Road Bikes","Yes",713,"Road","2013-07-01"
"263",386,"BK-R64Y-42","Road-550-W Yellow- 42","BI_RB","Bikes","Road Bikes","Yes",713,"Road","2013-07-01"
"264",386,"BK-R64Y-42","Road-550-W Yellow- 42","BI_RB","Bikes","Road Bikes","Yes",713,"Road","2013-07-01"
"265",388,"BK-R64Y-44","Road-550-W Yellow- 44","BI_RB","Bikes","Road Bikes","Yes",713,"Road","2013-07-01"
"266",388,"BK-R64Y-44","Road-550-W Yellow- 44","BI_RB","Bikes","Road Bikes","Yes",713,"Road","2013-07-01"
"267",390,"BK-R64Y-48","Road-550-W Yellow- 48","BI_RB","Bikes","Road Bikes","Yes",713,"Road","2013-07-01"
"268",390,"BK-R64Y-48","Road-550-W Yellow- 48","BI_RB","Bikes","Road Bikes","Yes",713,"Road","2013-07-01"
"269",580,"BK-R79Y-40","Road-350-W Yellow- 40","BI_RB","Bikes","Road Bikes","Yes",1083,"Road","2013-07-01"
"270",580,"BK-R79Y-40","Road-350-W Yellow- 40","BI_RB","Bikes","Road Bikes","Yes",1083,"Road","2013-07-01"
"271",581,"BK-R79Y-42","Road-350-W Yellow- 42","BI_RB","Bikes","Road Bikes","Yes",1083,"Road","2013-07-01"
"272",581,"BK-R79Y-42","Road-350-W Yellow- 42","BI_RB","Bikes","Road Bikes","Yes",1083,"Road","2013-07-01"
"273",582,"BK-R79Y-44","Road-350-W Yellow- 44","BI_RB","Bikes","Road Bikes","Yes",1083,"Road","2013-07-01"
"274",582,"BK-R79Y-44","Road-350-W Yellow- 44","BI_RB","Bikes","Road Bikes","Yes",1083,"Road","2013-07-01"
"275",583,"BK-R79Y-48","Road-350-W Yellow- 48","BI_RB","Bikes","Road Bikes","Yes",1083,"Road","2013-07-01"
"276",583,"BK-R79Y-48","Road-350-W Yellow- 48","BI_RB","Bikes","Road Bikes","Yes",1083,"Road","2013-07-01"
"277",374,"BK-R89B-44","Road-250 Black- 44","BI_RB","Bikes","Road Bikes","Yes",1555,"Road","2013-07-01"
"278",374,"BK-R89B-44","Road-250 Black- 44","BI_RB","Bikes","Road Bikes","Yes",1555,"Road","2013-07-01"
"279",376,"BK-R89B-48","Road-250 Black- 48","BI_RB","Bikes","Road Bikes","Yes",1555,"Road","2013-07-01"
"280",376,"BK-R89B-48","Road-250 Black- 48","BI_RB","Bikes","Road Bikes","Yes",1555,"Road","2013-07-01"
"281",378,"BK-R89B-52","Road-250 Black- 52","BI_RB","Bikes","Road Bikes","Yes",1555,"Road","2013-07-01"
"282",378,"BK-R89B-52","Road-250 Black- 52","BI_RB","Bikes","Road Bikes","Yes",1555,"Road","2013-07-01"
"283",380,"BK-R89B-58","Road-250 Black- 58","BI_RB","Bikes","Road Bikes","Yes",1555,"Road","2013-07-01"
"284",380,"BK-R89B-58","Road-250 Black- 58","BI_RB","Bikes","Road Bikes","Yes",1555,"Road","2013-07-01"
"285",372,"BK-R89R-58","Road-250 Red- 58","BI_RB","Bikes","Road Bikes","Yes",1555,"Road","2013-07-01"
"286",372,"BK-R89R-58","Road-250 Red- 58","BI_RB","Bikes","Road Bikes","Yes",1555,"Road","2013-07-01"
"287",585,"BK-T18U-44","Touring-3000 Blue- 44","BI_TB","Bikes","Touring Bikes","Yes",461,"Touring","2013-07-01"
"288",585,"BK-T18U-44","Touring-3000 Blue- 44","BI_TB","Bikes","Touring Bikes","Yes",461,"Touring","2013-07-01"
"289",586,"BK-T18U-50","Touring-3000 Blue- 50","BI_TB","Bikes","Touring Bikes","Yes",461,"Touring","2013-07-01"
"290",586,"BK-T18U-50","Touring-3000 Blue- 50","BI_TB","Bikes","Touring Bikes","Yes",461,"Touring","2013-07-01"
"291",565,"BK-T18U-54","Touring-3000 Blue- 54","BI_TB","Bikes","Touring Bikes","Yes",461,"Touring","2013-07-01"
"292",565,"BK-T18U-54","Touring-3000 Blue- 54","BI_TB","Bikes","Touring Bikes","Yes",461,"Touring","2013-07-01"
"293",566,"BK-T18U-58","Touring-3000 Blue- 58","BI_TB","Bikes","Touring Bikes","Yes",461,"Touring","2013-07-01"
"294",566,"BK-T18U-58","Touring-3000 Blue- 58","BI_TB","Bikes","Touring Bikes","Yes",461,"Touring","2013-07-01"
"295",567,"BK-T18U-62","Touring-3000 Blue- 62","BI_TB","Bikes","Touring Bikes","Yes",461,"Touring","2013-07-01"
"296",567,"BK-T18U-62","Touring-3000 Blue- 62","BI_TB","Bikes","Touring Bikes","Yes",461,"Touring","2013-07-01"
"297",568,"BK-T18Y-44","Touring-3000 Yellow- 44","BI_TB","Bikes","Touring Bikes","Yes",461,"Touring","2013-07-01"
"298",568,"BK-T18Y-44","Touring-3000 Yellow- 44","BI_TB","Bikes","Touring Bikes","Yes",461,"Touring","2013-07-01"
"299",569,"BK-T18Y-50","Touring-3000 Yellow- 50","BI_TB","Bikes","Touring Bikes","Yes",461,"Touring","2013-07-01"
"300",569,"BK-T18Y-50","Touring-3000 Yellow- 50","BI_TB","Bikes","Touring Bikes","Yes",461,"Touring","2013-07-01"
"301",570,"BK-T18Y-54","Touring-3000 Yellow- 54","BI_TB","Bikes","Touring Bikes","Yes",461,"Touring","2013-07-01"
"302",570,"BK-T18Y-54","Touring-3000 Yellow- 54","BI_TB","Bikes","Touring Bikes","Yes",461,"Touring","2013-07-01"
"303",571,"BK-T18Y-58","Touring-3000 Yellow- 58","BI_TB","Bikes","Touring Bikes","Yes",461,"Touring","2013-07-01"
"304",571,"BK-T18Y-58","Touring-3000 Yellow- 58","BI_TB","Bikes","Touring Bikes","Yes",461,"Touring","2013-07-01"
"305",572,"BK-T18Y-62","Touring-3000 Yellow- 62","BI_TB","Bikes","Touring Bikes","Yes",461,"Touring","2013-07-01"
"306",572,"BK-T18Y-62","Touring-3000 Yellow- 62","BI_TB","Bikes","Touring Bikes","Yes",461,"Touring","2013-07-01"
"307",577,"BK-T44U-46","Touring-2000 Blue- 46","BI_TB","Bikes","Touring Bikes","Yes",755,"Touring","2013-07-01"
"308",577,"BK-T44U-46","Touring-2000 Blue- 46","BI_TB","Bikes","Touring Bikes","Yes",755,"Touring","2013-07-01"
"309",578,"BK-T44U-50","Touring-2000 Blue- 50","BI_TB","Bikes","Touring Bikes","Yes",755,"Touring","2013-07-01"
"310",578,"BK-T44U-50","Touring-2000 Blue- 50","BI_TB","Bikes","Touring Bikes","Yes",755,"Touring","2013-07-01"
"311",579,"BK-T44U-54","Touring-2000 Blue- 54","BI_TB","Bikes","Touring Bikes","Yes",755,"Touring","2013-07-01"
"312",579,"BK-T44U-54","Touring-2000 Blue- 54","BI_TB","Bikes","Touring Bikes","Yes",755,"Touring","2013-07-01"
"313",560,"BK-T44U-60","Touring-2000 Blue- 60","BI_TB","Bikes","Touring Bikes","Yes",755,"Touring","2013-07-01"
"314",560,"BK-T44U-60","Touring-2000 Blue- 60","BI_TB","Bikes","Touring Bikes","Yes",755,"Touring","2013-07-01"
"315",573,"BK-T79U-46","Touring-1000 Blue- 46","BI_TB","Bikes","Touring Bikes","Yes",1482,"Touring","2013-07-01"
"316",573,"BK-T79U-46","Touring-1000 Blue- 46","BI_TB","Bikes","Touring Bikes","Yes",1482,"Touring","2013-07-01"
"317",574,"BK-T79U-50","Touring-1000 Blue- 50","BI_TB","Bikes","Touring Bikes","Yes",1482,"Touring","2013-07-01"
"318",574,"BK-T79U-50","Touring-1000 Blue- 50","BI_TB","Bikes","Touring Bikes","Yes",1482,"Touring","2013-07-01"
"319",575,"BK-T79U-54","Touring-1000 Blue- 54","BI_TB","Bikes","Touring Bikes","Yes",1482,"Touring","2013-07-01"
"320",575,"BK-T79U-54","Touring-1000 Blue- 54","BI_TB","Bikes","Touring Bikes","Yes",1482,"Touring","2013-07-01"
"321",576,"BK-T79U-60","Touring-1000 Blue- 60","BI_TB","Bikes","Touring Bikes","Yes",1482,"Touring","2013-07-01"
"322",576,"BK-T79U-60","Touring-1000 Blue- 60","BI_TB","Bikes","Touring Bikes","Yes",1482,"Touring","2013-07-01"
"323",561,"BK-T79Y-46","Touring-1000 Yellow- 46","BI_TB","Bikes","Touring Bikes","Yes",1482,"Touring","2013-07-01"
"324",561,"BK-T79Y-46","Touring-1000 Yellow- 46","BI_TB","Bikes","Touring Bikes","Yes",1482,"Touring","2013-07-01"
"325",562,"BK-T79Y-50","Touring-1000 Yellow- 50","BI_TB","Bikes","Touring Bikes","Yes",1482,"Touring","2013-07-01"
"326",562,"BK-T79Y-50","Touring-1000 Yellow- 50","BI_TB","Bikes","Touring Bikes","Yes",1482,"Touring","2013-07-01"
"327",563,"BK-T79Y-54","Touring-1000 Yellow- 54","BI_TB","Bikes","Touring Bikes","Yes",1482,"Touring","2013-07-01"
"328",563,"BK-T79Y-54","Touring-1000 Yellow- 54","BI_TB","Bikes","Touring Bikes","Yes",1482,"Touring","2013-07-01"
"329",564,"BK-T79Y-60","Touring-1000 Yellow- 60","BI_TB","Bikes","Touring Bikes","Yes",1482,"Touring","2013-07-01"
"330",564,"BK-T79Y-60","Touring-1000 Yellow- 60","BI_TB","Bikes","Touring Bikes","Yes",1482,"Touring","2013-07-01"
"331",225,"CA-1098","AWC Logo Cap","CL_CA","Clothing","Caps","No",7,"Other Sales","2013-07-01"
"332",225,"CA-1098","AWC Logo Cap","CL_CA","Clothing","Caps","No",7,"Other Sales","2013-07-01"
"333",559,"CH-0234","Chain","CO_CH","Components","Chains","Yes",9,"n/a","2013-07-01"
"334",559,"CH-0234","Chain","CO_CH","Components","Chains","Yes",9,"n/a","2013-07-01"
"335",484,"CL-9009","Bike Wash - Dissolver","AC_CL","Accessories","Cleaners","Yes",3,"Other Sales","2013-07-01"
"336",484,"CL-9009","Bike Wash - Dissolver","AC_CL","Accessories","Cleaners","Yes",3,"Other Sales","2013-07-01"
"337",556,"CS-4759","LL Crankset","CO_CS","Components","Cranksets","Yes",78,"n/a","2013-07-01"
"338",556,"CS-4759","LL Crankset","CO_CS","Components","Cranksets","Yes",78,"n/a","2013-07-01"
"339",557,"CS-6583","ML Crankset","CO_CS","Components","Cranksets","Yes",114,"n/a","2013-07-01"
"340",557,"CS-6583","ML Crankset","CO_CS","Components","Cranksets","Yes",114,"n/a","2013-07-01"
"341",558,"CS-9183","HL Crankset","CO_CS","Components","Cranksets","Yes",180,"n/a","2013-07-01"
"342",558,"CS-9183","HL Crankset","CO_CS","Components","Cranksets","Yes",180,"n/a","2013-07-01"
"343",555,"FB-9873","Front Brakes","CO_BR","Components","Brakes","Yes",47,"n/a","2013-07-01"
"344",555,"FB-9873","Front Brakes","CO_BR","Components","Brakes","Yes",47,"n/a","2013-07-01"
"345",552,"FD-2342","Front Derailleur","CO_DE","Components","Derailleurs","Yes",41,"n/a","2013-07-01"
"346",552,"FD-2342","Front Derailleur","CO_DE","Components","Derailleurs","Yes",41,"n/a","2013-07-01"
"347",485,"FE-6654","Fender Set - Mountain","AC_FE","Accessories","Fenders","No",8,"Mountain","2013-07-01"
"348",485,"FE-6654","Fender Set - Mountain","AC_FE","Accessories","Fenders","No",8,"Mountain","2013-07-01"
"349",550,"FR-M21B-40","LL Mountain Frame - Black- 40","CO_MF","Components","Mountain Frames","Yes",137,"Mountain","2013-07-01"
"350",550,"FR-M21B-40","LL Mountain Frame - Black- 40","CO_MF","Components","Mountain Frames","Yes",137,"Mountain","2013-07-01"
"351",531,"FR-M21B-42","LL Mountain Frame - Black- 42","CO_MF","Components","Mountain Frames","Yes",137,"Mountain","2013-07-01"
"352",531,"FR-M21B-42","LL Mountain Frame - Black- 42","CO_MF","Components","Mountain Frames","Yes",137,"Mountain","2013-07-01"
"353",532,"FR-M21B-44","LL Mountain Frame - Black- 44","CO_MF","Components","Mountain Frames","Yes",137,"Mountain","2013-07-01"
"354",532,"FR-M21B-44","LL Mountain Frame - Black- 44","CO_MF","Components","Mountain Frames","Yes",137,"Mountain","2013-07-01"
"355",533,"FR-M21B-48","LL Mountain Frame - Black- 48","CO_MF","Components","Mountain Frames","Yes",137,"Mountain","2013-07-01"
"356",533,"FR-M21B-48","LL Mountain Frame - Black- 48","CO_MF","Components","Mountain Frames","Yes",137,"Mountain","2013-07-01"
"357",534,"FR-M21B-52","LL Mountain Frame - Black- 52","CO_MF","Components","Mountain Frames","Yes",137,"Mountain","2013-07-01"
"358",534,"FR-M21B-52","LL Mountain Frame - Black- 52","CO_MF","Components","Mountain Frames","Yes",137,"Mountain","2013-07-01"
"359",551,"FR-M21S-40","LL Mountain Frame - Silver- 40","CO_MF","Components","Mountain Frames","Yes",145,"Mountain","2013-07-01"
"360",551,"FR-M21S-40","LL Mountain Frame - Silver- 40","CO_MF","Components","Mountain Frames","Yes",145,"Mountain","2013-07-01"
"361",524,"FR-M21S-42","LL Mountain Frame - Silver- 42","CO_MF","Components","Mountain Frames","Yes",145,"Mountain","2013-07-01"
"362",524,"FR-M21S-42","LL Mountain Frame - Silver- 42","CO_MF","Components","Mountain Frames","Yes",145,"Mountain","2013-07-01"
"363",525,"FR-M21S-44","LL Mountain Frame - Silver- 44","CO_MF","Components","Mountain Frames","Yes",145,"Mountain","2013-07-01"
"364",525,"FR-M21S-44","LL Mountain Frame - Silver- 44","CO_MF","Components","Mountain Frames","Yes",145,"Mountain","2013-07-01"
"365",526,"FR-M21S-48","LL Mountain Frame - Silver- 48","CO_MF","Components","Mountain Frames","Yes",145,"Mountain","2013-07-01"
"366",526,"FR-M21S-48","LL Mountain Frame - Silver- 48","CO_MF","Components","Mountain Frames","Yes",145,"Mountain","2013-07-01"
"367",527,"FR-M21S-52","LL Mountain Frame - Silver- 52","CO_MF","Components","Mountain Frames","Yes",145,"Mountain","2013-07-01"
"368",527,"FR-M21S-52","LL Mountain Frame - Silver- 52","CO_MF","Components","Mountain Frames","Yes",145,"Mountain","2013-07-01"
"369",549,"FR-M63S-38","ML Mountain Frame-W - Silver- 38","CO_MF","Components","Mountain Frames","Yes",199,"Mountain","2013-07-01"
"370",549,"FR-M63S-38","ML Mountain Frame-W - Silver- 38","CO_MF","Components","Mountain Frames","Yes",199,"Mountain","2013-07-01"
"371",511,"FR-M63S-40","ML Mountain Frame-W - Silver- 40","CO_MF","Components","Mountain Frames","Yes",199,"Mountain","2013-07-01"
"372",511,"FR-M63S-40","ML Mountain Frame-W - Silver- 40","CO_MF","Components","Mountain Frames","Yes",199,"Mountain","2013-07-01"
"373",512,"FR-M63S-42","ML Mountain Frame-W - Silver- 42","CO_MF","Components","Mountain Frames","Yes",199,"Mountain","2013-07-01"
"374",512,"FR-M63S-42","ML Mountain Frame-W - Silver- 42","CO_MF","Components","Mountain Frames","Yes",199,"Mountain","2013-07-01"
"375",513,"FR-M63S-46","ML Mountain Frame-W - Silver- 46","CO_MF","Components","Mountain Frames","Yes",199,"Mountain","2013-07-01"
"376",513,"FR-M63S-46","ML Mountain Frame-W - Silver- 46","CO_MF","Components","Mountain Frames","Yes",199,"Mountain","2013-07-01"
"377",306,"FR-M94B-38","HL Mountain Frame - Black- 38","CO_MF","Components","Mountain Frames","Yes",739,"Mountain","2013-07-01"
"378",306,"FR-M94B-38","HL Mountain Frame - Black- 38","CO_MF","Components","Mountain Frames","Yes",739,"Mountain","2013-07-01"
"379",298,"FR-M94B-42","HL Mountain Frame - Black- 42","CO_MF","Components","Mountain Frames","Yes",739,"Mountain","2013-07-01"
"380",298,"FR-M94B-42","HL Mountain Frame - Black- 42","CO_MF","Components","Mountain Frames","Yes",739,"Mountain","2013-07-01"
"381",303,"FR-M94B-46","HL Mountain Frame - Black- 46","CO_MF","Components","Mountain Frames","Yes",739,"Mountain","2013-07-01"
"382",303,"FR-M94B-46","HL Mountain Frame - Black- 46","CO_MF","Components","Mountain Frames","Yes",739,"Mountain","2013-07-01"
"383",309,"FR-M94S-38","HL Mountain Frame - Silver- 38","CO_MF","Components","Mountain Frames","Yes",747,"Mountain","2013-07-01"
"384",309,"FR-M94S-38","HL Mountain Frame - Silver- 38","CO_MF","Components","Mountain Frames","Yes",747,"Mountain","2013-07-01"
"385",290,"FR-M94S-42","HL Mountain Frame - Silver- 42","CO_MF","Components","Mountain Frames","Yes",747,"Mountain","2013-07-01"
"386",290,"FR-M94S-42","HL Mountain Frame - Silver- 42","CO_MF","Components","Mountain Frames","Yes",747,"Mountain","2013-07-01"
"387",295,"FR-M94S-46","HL Mountain Frame - Silver- 46","CO_MF","Components","Mountain Frames","Yes",747,"Mountain","2013-07-01"
"388",295,"FR-M94S-46","HL Mountain Frame - Silver- 46","CO_MF","Components","Mountain Frames","Yes",747,"Mountain","2013-07-01"
"389",281,"FR-R38B-44","LL Road Frame - Black- 44","CO_RF","Components","Road Frames","Yes",205,"Road","2013-07-01"
"390",281,"FR-R38B-44","LL Road Frame - Black- 44","CO_RF","Components","Road Frames","Yes",205,"Road","2013-07-01"
"391",284,"FR-R38B-48","LL Road Frame - Black- 48","CO_RF","Components","Road Frames","Yes",205,"Road","2013-07-01"
"392",284,"FR-R38B-48","LL Road Frame - Black- 48","CO_RF","Components","Road Frames","Yes",205,"Road","2013-07-01"
"393",287,"FR-R38B-52","LL Road Frame - Black- 52","CO_RF","Components","Road Frames","Yes",205,"Road","2013-07-01"
"394",287,"FR-R38B-52","LL Road Frame - Black- 52","CO_RF","Components","Road Frames","Yes",205,"Road","2013-07-01"
"395",255,"FR-R38B-58","LL Road Frame - Black- 58","CO_RF","Components","Road Frames","Yes",205,"Road","2013-07-01"
"396",255,"FR-R38B-58","LL Road Frame - Black- 58","CO_RF","Components","Road Frames","Yes",205,"Road","2013-07-01"
"397",258,"FR-R38B-60","LL Road Frame - Black- 60","CO_RF","Components","Road Frames","Yes",205,"Road","2013-07-01"
"398",258,"FR-R38B-60","LL Road Frame - Black- 60","CO_RF","Components","Road Frames","Yes",205,"Road","2013-07-01"
"399",261,"FR-R38B-62","LL Road Frame - Black- 62","CO_RF","Components","Road Frames","Yes",205,"Road","2013-07-01"
"400",261,"FR-R38B-62","LL Road Frame - Black- 62","CO_RF","Components","Road Frames","Yes",205,"Road","2013-07-01"
"401",418,"FR-R72Y-38","ML Road Frame-W - Yellow- 38","CO_RF","Components","Road Frames","Yes",361,"Road","2013-07-01"
"402",418,"FR-R72Y-38","ML Road Frame-W - Yellow- 38","CO_RF","Components","Road Frames","Yes",361,"Road","2013-07-01"
"403",430,"FR-R72Y-40","ML Road Frame-W - Yellow- 40","CO_RF","Components","Road Frames","Yes",361,"Road","2013-07-01"
"404",430,"FR-R72Y-40","ML Road Frame-W - Yellow- 40","CO_RF","Components","Road Frames","Yes",361,"Road","2013-07-01"
"405",432,"FR-R72Y-42","ML Road Frame-W - Yellow- 42","CO_RF","Components","Road Frames","Yes",361,"Road","2013-07-01"
"406",432,"FR-R72Y-42","ML Road Frame-W - Yellow- 42","CO_RF","Components","Road Frames","Yes",361,"Road","2013-07-01"
"407",434,"FR-R72Y-44","ML Road Frame-W - Yellow- 44","CO_RF","Components","Road Frames","Yes",361,"Road","2013-07-01"
"408",434,"FR-R72Y-44","ML Road Frame-W - Yellow- 44","CO_RF","Components","Road Frames","Yes",361,"Road","2013-07-01"
"409",436,"FR-R72Y-48","ML Road Frame-W - Yellow- 48","CO_RF","Components","Road Frames","Yes",361,"Road","2013-07-01"
"410",436,"FR-R72Y-48","ML Road Frame-W - Yellow- 48","CO_RF","Components","Road Frames","Yes",361,"Road","2013-07-01"
"411",440,"FR-R92B-44","HL Road Frame - Black- 44","CO_RF","Components","Road Frames","Yes",869,"Road","2013-07-01"
"412",440,"FR-R92B-44","HL Road Frame - Black- 44","CO_RF","Components","Road Frames","Yes",869,"Road","2013-07-01"
"413",442,"FR-R92B-48","HL Road Frame - Black- 48","CO_RF","Components","Road Frames","Yes",869,"Road","2013-07-01"
"414",442,"FR-R92B-48","HL Road Frame - Black- 48","CO_RF","Components","Road Frames","Yes",869,"Road","2013-07-01"
"415",444,"FR-R92B-52","HL Road Frame - Black- 52","CO_RF","Components","Road Frames","Yes",869,"Road","2013-07-01"
"416",444,"FR-R92B-52","HL Road Frame - Black- 52","CO_RF","Components","Road Frames","Yes",869,"Road","2013-07-01"
"417",438,"FR-R92B-62","HL Road Frame - Black- 62","CO_RF","Components","Road Frames","Yes",869,"Road","2013-07-01"
"418",438,"FR-R92B-62","HL Road Frame - Black- 62","CO_RF","Components","Road Frames","Yes",869,"Road","2013-07-01"
"419",243,"FR-R92R-44","HL Road Frame - Red- 44","CO_RF","Components","Road Frames","Yes",869,"Road","2013-07-01"
"420",243,"FR-R92R-44","HL Road Frame - Red- 44","CO_RF","Components","Road Frames","Yes",869,"Road","2013-07-01"
"421",246,"FR-R92R-48","HL Road Frame - Red- 48","CO_RF","Components","Road Frames","Yes",869,"Road","2013-07-01"
"422",246,"FR-R92R-48","HL Road Frame - Red- 48","CO_RF","Components","Road Frames","Yes",869,"Road","2013-07-01"
"423",249,"FR-R92R-52","HL Road Frame - Red- 52","CO_RF","Components","Road Frames","Yes",869,"Road","2013-07-01"
"424",249,"FR-R92R-52","HL Road Frame - Red- 52","CO_RF","Components","Road Frames","Yes",869,"Road","2013-07-01"
"425",252,"FR-R92R-56","HL Road Frame - Red- 56","CO_RF","Components","Road Frames","Yes",869,"Road","2013-07-01"
"426",252,"FR-R92R-56","HL Road Frame - Red- 56","CO_RF","Components","Road Frames","Yes",869,"Road","2013-07-01"
"427",240,"FR-R92R-62","HL Road Frame - Red- 62","CO_RF","Components","Road Frames","Yes",869,"Road","2013-07-01"
"428",240,"FR-R92R-62","HL Road Frame - Red- 62","CO_RF","Components","Road Frames","Yes",869,"Road","2013-07-01"
"429",510,"FR-T67U-44","LL Touring Frame - Blue- 44","CO_TF","Components","Touring Frames","Yes",200,"Touring","2013-07-01"
"430",510,"FR-T67U-44","LL Touring Frame - Blue- 44","CO_TF","Components","Touring Frames","Yes",200,"Touring","2013-07-01"
"431",502,"FR-T67U-50","LL Touring Frame - Blue- 50","CO_TF","Components","Touring Frames","Yes",200,"Touring","2013-07-01"
"432",502,"FR-T67U-50","LL Touring Frame - Blue- 50","CO_TF","Components","Touring Frames","Yes",200,"Touring","2013-07-01"
"433",503,"FR-T67U-54","LL Touring Frame - Blue- 54","CO_TF","Components","Touring Frames","Yes",200,"Touring","2013-07-01"
"434",503,"FR-T67U-54","LL Touring Frame - Blue- 54","CO_TF","Components","Touring Frames","Yes",200,"Touring","2013-07-01"
"435",504,"FR-T67U-58","LL Touring Frame - Blue- 58","CO_TF","Components","Touring Frames","Yes",200,"Touring","2013-07-01"
"436",504,"FR-T67U-58","LL Touring Frame - Blue- 58","CO_TF","Components","Touring Frames","Yes",200,"Touring","2013-07-01"
"437",505,"FR-T67U-62","LL Touring Frame - Blue- 62","CO_TF","Components","Touring Frames","Yes",200,"Touring","2013-07-01"
"438",505,"FR-T67U-62","LL Touring Frame - Blue- 62","CO_TF","Components","Touring Frames","Yes",200,"Touring","2013-07-01"
"439",506,"FR-T67Y-44","LL Touring Frame - Yellow- 44","CO_TF","Components","Touring Frames","Yes",200,"Touring","2013-07-01"
"440",506,"FR-T67Y-44","LL Touring Frame - Yellow- 44","CO_TF","Components","Touring Frames","Yes",200,"Touring","2013-07-01"
"441",507,"FR-T67Y-50","LL Touring Frame - Yellow- 50","CO_TF","Components","Touring Frames","Yes",200,"Touring","2013-07-01"
"442",507,"FR-T67Y-50","LL Touring Frame - Yellow- 50","CO_TF","Components","Touring Frames","Yes",200,"Touring","2013-07-01"
"443",508,"FR-T67Y-54","LL Touring Frame - Yellow- 54","CO_TF","Components","Touring Frames","Yes",200,"Touring","2013-07-01"
"444",508,"FR-T67Y-54","LL Touring Frame - Yellow- 54","CO_TF","Components","Touring Frames","Yes",200,"Touring","2013-07-01"
"445",509,"FR-T67Y-58","LL Touring Frame - Yellow- 58","CO_TF","Components","Touring Frames","Yes",200,"Touring","2013-07-01"
"446",509,"FR-T67Y-58","LL Touring Frame - Yellow- 58","CO_TF","Components","Touring Frames","Yes",200,"Touring","2013-07-01"
"447",493,"FR-T67Y-62","LL Touring Frame - Yellow- 62","CO_TF","Components","Touring Frames","Yes",200,"Touring","2013-07-01"
"448",493,"FR-T67Y-62","LL Touring Frame - Yellow- 62","CO_TF","Components","Touring Frames","Yes",200,"Touring","2013-07-01"
"449",497,"FR-T98U-46","HL Touring Frame - Blue- 46","CO_TF","Components","Touring Frames","Yes",602,"Touring","2013-07-01"
"450",497,"FR-T98U-46","HL Touring Frame - Blue- 46","CO_TF","Components","Touring Frames","Yes",602,"Touring","2013-07-01"
"451",498,"FR-T98U-50","HL Touring Frame - Blue- 50","CO_TF","Components","Touring Frames","Yes",602,"Touring","2013-07-01"
"452",498,"FR-T98U-50","HL Touring Frame - Blue- 50","CO_TF","Components","Touring Frames","Yes",602,"Touring","2013-07-01"
"453",499,"FR-T98U-54","HL Touring Frame - Blue- 54","CO_TF","Components","Touring Frames","Yes",602,"Touring","2013-07-01"
"454",499,"FR-T98U-54","HL Touring Frame - Blue- 54","CO_TF","Components","Touring Frames","Yes",602,"Touring","2013-07-01"
"455",500,"FR-T98U-60","HL Touring Frame - Blue- 60","CO_TF","Components","Touring Frames","Yes",602,"Touring","2013-07-01"
"456",500,"FR-T98U-60","HL Touring Frame - Blue- 60","CO_TF","Components","Touring Frames","Yes",602,"Touring","2013-07-01"
"457",494,"FR-T98Y-46","HL Touring Frame - Yellow- 46","CO_TF","Components","Touring Frames","Yes",602,"Touring","2013-07-01"
"458",494,"FR-T98Y-46","HL Touring Frame - Yellow- 46","CO_TF","Components","Touring Frames","Yes",602,"Touring","2013-07-01"
"459",495,"FR-T98Y-50","HL Touring Frame - Yellow- 50","CO_TF","Components","Touring Frames","Yes",602,"Touring","2013-07-01"
"460",495,"FR-T98Y-50","HL Touring Frame - Yellow- 50","CO_TF","Components","Touring Frames","Yes",602,"Touring","2013-07-01"
"461",496,"FR-T98Y-54","HL Touring Frame - Yellow- 54","CO_TF","Components","Touring Frames","Yes",602,"Touring","2013-07-01"
"462",496,"FR-T98Y-54","HL Touring Frame - Yellow- 54","CO_TF","Components","Touring Frames","Yes",602,"Touring","2013-07-01"
"463",492,"FR-T98Y-60","HL Touring Frame - Yellow- 60","CO_TF","Components","Touring Frames","Yes",602,"Touring","2013-07-01"
"464",492,"FR-T98Y-60","HL Touring Frame - Yellow- 60","CO_TF","Components","Touring Frames","Yes",602,"Touring","2013-07-01"
"465",467,"GL-H102-L","Half-Finger Gloves- L","CL_GL","Clothing","Gloves","No",9,"Other Sales","2013-07-01"
"466",467,"GL-H102-L","Half-Finger Gloves- L","CL_GL","Clothing","Gloves","No",9,"Other Sales","2013-07-01"
"467",465,"GL-H102-M","Half-Finger Gloves- M","CL_GL","Clothing","Gloves","No",9,"Other Sales","2013-07-01"
"468",465,"GL-H102-M","Half-Finger Gloves- M","CL_GL","Clothing","Gloves","No",9,"Other Sales","2013-07-01"
"469",463,"GL-H102-S","Half-Finger Gloves- S","CL_GL","Clothing","Gloves","No",9,"Other Sales","2013-07-01"
"470",463,"GL-H102-S","Half-Finger Gloves- S","CL_GL","Clothing","Gloves","No",9,"Other Sales","2013-07-01"
"471",398,"HB-M243","LL Mountain Handlebars","CO_HB","Components","Handlebars","No",20,"Mountain","2013-07-01"
"472",398,"HB-M243","LL Mountain Handlebars","CO_HB","Components","Handlebars","No",20,"Mountain","2013-07-01"
"473",400,"HB-M763","ML Mountain Handlebars","CO_HB","Components","Handlebars","No",27,"Mountain","2013-07-01"
"474",400,"HB-M763","ML Mountain Handlebars","CO_HB","Components","Handlebars","No",27,"Mountain","2013-07-01"
"475",402,"HB-M918","HL Mountain Handlebars","CO_HB","Components","Handlebars","No",53,"Mountain","2013-07-01"
"476",402,"HB-M918","HL Mountain Handlebars","CO_HB","Components","Handlebars","No",53,"Mountain","2013-07-01"
"477",404,"HB-R504","LL Road Handlebars","CO_HB","Components","Handlebars","No",20,"Road","2013-07-01"
"478",404,"HB-R504","LL Road Handlebars","CO_HB","Components","Handlebars","No",20,"Road","2013-07-01"
"479",406,"HB-R720","ML Road Handlebars","CO_HB","Components","Handlebars","No",27,"Road","2013-07-01"
"480",406,"HB-R720","ML Road Handlebars","CO_HB","Components","Handlebars","No",27,"Road","2013-07-01"
"481",408,"HB-R956","HL Road Handlebars","CO_HB","Components","Handlebars","No",53,"Road","2013-07-01"
"482",408,"HB-R956","HL Road Handlebars","CO_HB","Components","Handlebars","No",53,"Road","2013-07-01"
"483",553,"HB-T721","LL Touring Handlebars","CO_HB","Components","Handlebars","No",20,"Touring","2013-07-01"
"484",553,"HB-T721","LL Touring Handlebars","CO_HB","Components","Handlebars","No",20,"Touring","2013-07-01"
"485",554,"HB-T928","HL Touring Handlebars","CO_HB","Components","Handlebars","No",41,"Touring","2013-07-01"
"486",554,"HB-T928","HL Touring Handlebars","CO_HB","Components","Handlebars","No",41,"Touring","2013-07-01"
"487",217,"HL-U509","Sport-100 Helmet- Black","AC_HE","Accessories","Helmets","Yes",13,"Other Sales","2013-07-01"
"488",217,"HL-U509","Sport-100 Helmet- Black","AC_HE","Accessories","Helmets","Yes",13,"Other Sales","2013-07-01"
"489",222,"HL-U509-B","Sport-100 Helmet- Blue","AC_HE","Accessories","Helmets","Yes",13,"Other Sales","2013-07-01"
"490",222,"HL-U509-B","Sport-100 Helmet- Blue","AC_HE","Accessories","Helmets","Yes",13,"Other Sales","2013-07-01"
"491",214,"HL-U509-R","Sport-100 Helmet- Red","AC_HE","Accessories","Helmets","Yes",13,"Other Sales","2013-07-01"
"492",214,"HL-U509-R","Sport-100 Helmet- Red","AC_HE","Accessories","Helmets","Yes",13,"Other Sales","2013-07-01"
"493",487,"HY-1023-70","Hydration Pack - 70 oz.","AC_HP","Accessories","Hydration Packs","No",21,"Other Sales","2013-07-01"
"494",487,"HY-1023-70","Hydration Pack - 70 oz.","AC_HP","Accessories","Hydration Packs","No",21,"Other Sales","2013-07-01"
"495",234,"LJ-0192-L","Long-Sleeve Logo Jersey- L","CL_JE","Clothing","Jerseys","No",38,"Other Sales","2013-07-01"
"496",234,"LJ-0192-L","Long-Sleeve Logo Jersey- L","CL_JE","Clothing","Jerseys","No",38,"Other Sales","2013-07-01"
"497",231,"LJ-0192-M","Long-Sleeve Logo Jersey- M","CL_JE","Clothing","Jerseys","No",38,"Other Sales","2013-07-01"
"498",231,"LJ-0192-M","Long-Sleeve Logo Jersey- M","CL_JE","Clothing","Jerseys","No",38,"Other Sales","2013-07-01"
"499",228,"LJ-0192-S","Long-Sleeve Logo Jersey- S","CL_JE","Clothing","Jerseys","No",38,"Other Sales","2013-07-01"
"500",228,"LJ-0192-S","Long-Sleeve Logo Jersey- S","CL_JE","Clothing","Jerseys","No",38,"Other Sales","2013-07-01"
"501",237,"LJ-0192-X","Long-Sleeve Logo Jersey- XL","CL_JE","Clothing","Jerseys","No",38,"Other Sales","2013-07-01"
"502",237,"LJ-0192-X","Long-Sleeve Logo Jersey- XL","CL_JE","Clothing","Jerseys","No",38,"Other Sales","2013-07-01"
"503",542,"PD-M282","LL Mountain Pedal","CO_PE",NULL,NULL,NULL,18,"Mountain","2013-07-01"
"504",543,"PD-M340","ML Mountain Pedal","CO_PE",NULL,NULL,NULL,28,"Mountain","2013-07-01"
"505",544,"PD-M562","HL Mountain Pedal","CO_PE",NULL,NULL,NULL,36,"Mountain","2013-07-01"
"506",545,"PD-R347","LL Road Pedal","CO_PE",NULL,NULL,NULL,18,"Road","2013-07-01"
"507",546,"PD-R563","ML Road Pedal","CO_PE",NULL,NULL,NULL,28,"Road","2013-07-01"
"508",547,"PD-R853","HL Road Pedal","CO_PE",NULL,NULL,NULL,36,"Road","2013-07-01"
"509",548,"PD-T852","Touring Pedal","CO_PE",NULL,NULL,NULL,36,"Touring","2013-07-01"
"510",480,"PK-7098","Patch Kit/8 Patches","AC_TT","Accessories","Tires and Tubes","Yes",1,"Other Sales","2013-07-01"
"511",480,"PK-7098","Patch Kit/8 Patches","AC_TT","Accessories","Tires and Tubes","Yes",1,"Other Sales","2013-07-01"
"512",483,"RA-H123","Hitch Rack - 4-Bike","AC_BR","Accessories","Bike Racks","Yes",45,"Other Sales","2013-07-01"
"513",483,"RA-H123","Hitch Rack - 4-Bike","AC_BR","Accessories","Bike Racks","Yes",45,"Other Sales","2013-07-01"
"514",514,"RB-9231","Rear Brakes","CO_BR","Components","Brakes","Yes",47,"n/a","2013-07-01"
"515",514,"RB-9231","Rear Brakes","CO_BR","Components","Brakes","Yes",47,"n/a","2013-07-01"
"516",501,"RD-2308","Rear Derailleur","CO_DE","Components","Derailleurs","Yes",54,"n/a","2013-07-01"
"517",501,"RD-2308","Rear Derailleur","CO_DE","Components","Derailleurs","Yes",54,"n/a","2013-07-01"
"518",515,"SE-M236","LL Mountain Seat/Saddle","CO_SA","Components","Saddles","No",12,"Mountain","2013-07-01"
"519",515,"SE-M236","LL Mountain Seat/Saddle","CO_SA","Components","Saddles","No",12,"Mountain","2013-07-01"
"520",516,"SE-M798","ML Mountain Seat/Saddle","CO_SA","Components","Saddles","No",17,"Mountain","2013-07-01"
"521",516,"SE-M798","ML Mountain Seat/Saddle","CO_SA","Components","Saddles","No",17,"Mountain","2013-07-01"
"522",517,"SE-M940","HL Mountain Seat/Saddle","CO_SA","Components","Saddles","No",23,"Mountain","2013-07-01"
"523",517,"SE-M940","HL Mountain Seat/Saddle","CO_SA","Components","Saddles","No",23,"Mountain","2013-07-01"
"524",518,"SE-R581","LL Road Seat/Saddle","CO_SA","Components","Saddles","No",12,"Road","2013-07-01"
"525",518,"SE-R581","LL Road Seat/Saddle","CO_SA","Components","Saddles","No",12,"Road","2013-07-01"
"526",519,"SE-R908","ML Road Seat/Saddle","CO_SA","Components","Saddles","No",17,"Touring","2013-07-01"
"527",519,"SE-R908","ML Road Seat/Saddle","CO_SA","Components","Saddles","No",17,"Touring","2013-07-01"
"528",520,"SE-R995","HL Road Seat/Saddle","CO_SA","Components","Saddles","No",23,"Road","2013-07-01"
"529",520,"SE-R995","HL Road Seat/Saddle","CO_SA","Components","Saddles","No",23,"Road","2013-07-01"
"530",521,"SE-T312","LL Touring Seat/Saddle","CO_SA","Components","Saddles","No",12,"Touring","2013-07-01"
"531",521,"SE-T312","LL Touring Seat/Saddle","CO_SA","Components","Saddles","No",12,"Touring","2013-07-01"
"532",522,"SE-T762","ML Touring Seat/Saddle","CO_SA","Components","Saddles","No",17,"Touring","2013-07-01"
"533",522,"SE-T762","ML Touring Seat/Saddle","CO_SA","Components","Saddles","No",17,"Touring","2013-07-01"
"534",523,"SE-T924","HL Touring Seat/Saddle","CO_SA","Components","Saddles","No",23,"Touring","2013-07-01"
"535",523,"SE-T924","HL Touring Seat/Saddle","CO_SA","Components","Saddles","No",23,"Touring","2013-07-01"
"536",476,"SH-W890-L","Women's Mountain Shorts- L","CL_SH","Clothing","Shorts","No",26,"Mountain","2013-07-01"
"537",476,"SH-W890-L","Women's Mountain Shorts- L","CL_SH","Clothing","Shorts","No",26,"Mountain","2013-07-01"
"538",475,"SH-W890-M","Women's Mountain Shorts- M","CL_SH","Clothing","Shorts","No",26,"Mountain","2013-07-01"
"539",475,"SH-W890-M","Women's Mountain Shorts- M","CL_SH","Clothing","Shorts","No",26,"Mountain","2013-07-01"
"540",474,"SH-W890-S","Women's Mountain Shorts- S","CL_SH","Clothing","Shorts","No",26,"Mountain","2013-07-01"
"541",474,"SH-W890-S","Women's Mountain Shorts- S","CL_SH","Clothing","Shorts","No",26,"Mountain","2013-07-01"
"542",490,"SJ-0194-L","Short-Sleeve Classic Jersey- L","CL_JE","Clothing","Jerseys","No",42,"Other Sales","2013-07-01"
"543",490,"SJ-0194-L","Short-Sleeve Classic Jersey- L","CL_JE","Clothing","Jerseys","No",42,"Other Sales","2013-07-01"
"544",489,"SJ-0194-M","Short-Sleeve Classic Jersey- M","CL_JE","Clothing","Jerseys","No",42,"Other Sales","2013-07-01"
"545",489,"SJ-0194-M","Short-Sleeve Classic Jersey- M","CL_JE","Clothing","Jerseys","No",42,"Other Sales","2013-07-01"
"546",488,"SJ-0194-S","Short-Sleeve Classic Jersey- S","CL_JE","Clothing","Jerseys","No",42,"Other Sales","2013-07-01"
"547",488,"SJ-0194-S","Short-Sleeve Classic Jersey- S","CL_JE","Clothing","Jerseys","No",42,"Other Sales","2013-07-01"
"548",491,"SJ-0194-X","Short-Sleeve Classic Jersey- XL","CL_JE","Clothing","Jerseys","No",42,"Other Sales","2013-07-01"
"549",491,"SJ-0194-X","Short-Sleeve Classic Jersey- XL","CL_JE","Clothing","Jerseys","No",42,"Other Sales","2013-07-01"
"550",482,"SO-R809-L","Racing Socks- L","CL_SO","Clothing","Socks","No",3,"Road","2013-07-01"
"551",482,"SO-R809-L","Racing Socks- L","CL_SO","Clothing","Socks","No",3,"Road","2013-07-01"
"552",481,"SO-R809-M","Racing Socks- M","CL_SO","Clothing","Socks","No",3,"Road","2013-07-01"
"553",481,"SO-R809-M","Racing Socks- M","CL_SO","Clothing","Socks","No",3,"Road","2013-07-01"
"554",486,"ST-1401","All-Purpose Bike Stand","AC_BS","Accessories","Bike Stands","No",59,"Mountain","2013-07-01"
"555",486,"ST-1401","All-Purpose Bike Stand","AC_BS","Accessories","Bike Stands","No",59,"Mountain","2013-07-01"
"556",535,"TI-M267","LL Mountain Tire","AC_TT","Accessories","Tires and Tubes","Yes",9,"Mountain","2013-07-01"
"557",535,"TI-M267","LL Mountain Tire","AC_TT","Accessories","Tires and Tubes","Yes",9,"Mountain","2013-07-01"
"558",536,"TI-M602","ML Mountain Tire","AC_TT","Accessories","Tires and Tubes","Yes",11,"Mountain","2013-07-01"
"559",536,"TI-M602","ML Mountain Tire","AC_TT","Accessories","Tires and Tubes","Yes",11,"Mountain","2013-07-01"
"560",537,"TI-M823","HL Mountain Tire","AC_TT","Accessories","Tires and Tubes","Yes",13,"Mountain","2013-07-01"
"561",537,"TI-M823","HL Mountain Tire","AC_TT","Accessories","Tires and Tubes","Yes",13,"Mountain","2013-07-01"
"562",538,"TI-R092","LL Road Tire","AC_TT","Accessories","Tires and Tubes","Yes",8,"Road","2013-07-01"
"563",538,"TI-R092","LL Road Tire","AC_TT","Accessories","Tires and Tubes","Yes",8,"Road","2013-07-01"
"564",539,"TI-R628","ML Road Tire","AC_TT","Accessories","Tires and Tubes","Yes",9,"Road","2013-07-01"
"565",539,"TI-R628","ML Road Tire","AC_TT","Accessories","Tires and Tubes","Yes",9,"Road","2013-07-01"
"566",540,"TI-R982","HL Road Tire","AC_TT","Accessories","Tires and Tubes","Yes",12,"Road","2013-07-01"
"567",540,"TI-R982","HL Road Tire","AC_TT","Accessories","Tires and Tubes","Yes",12,"Road","2013-07-01"
"568",541,"TI-T723","Touring Tire","AC_TT","Accessories","Tires and Tubes","Yes",11,"Touring","2013-07-01"
"569",541,"TI-T723","Touring Tire","AC_TT","Accessories","Tires and Tubes","Yes",11,"Touring","2013-07-01"
"570",528,"TT-M928","Mountain Tire Tube","AC_TT","Accessories","Tires and Tubes","Yes",2,"Mountain","2013-07-01"
"571",528,"TT-M928","Mountain Tire Tube","AC_TT","Accessories","Tires and Tubes","Yes",2,"Mountain","2013-07-01"
"572",529,"TT-R982","Road Tire Tube","AC_TT","Accessories","Tires and Tubes","Yes",1,"Road","2013-07-01"
"573",529,"TT-R982","Road Tire Tube","AC_TT","Accessories","Tires and Tubes","Yes",1,"Road","2013-07-01"
"574",530,"TT-T092","Touring Tire Tube","AC_TT","Accessories","Tires and Tubes","Yes",2,"Touring","2013-07-01"
"575",530,"TT-T092","Touring Tire Tube","AC_TT","Accessories","Tires and Tubes","Yes",2,"Touring","2013-07-01"
"576",473,"VE-C304-L","Classic Vest- L","CL_VE","Clothing","Vests","No",24,"Other Sales","2013-07-01"
"577",473,"VE-C304-L","Classic Vest- L","CL_VE","Clothing","Vests","No",24,"Other Sales","2013-07-01"
"578",472,"VE-C304-M","Classic Vest- M","CL_VE","Clothing","Vests","No",24,"Other Sales","2013-07-01"
"579",472,"VE-C304-M","Classic Vest- M","CL_VE","Clothing","Vests","No",24,"Other Sales","2013-07-01"
"580",471,"VE-C304-S","Classic Vest- S","CL_VE","Clothing","Vests","No",24,"Other Sales","2013-07-01"
"581",471,"VE-C304-S","Classic Vest- S","CL_VE","Clothing","Vests","No",24,"Other Sales","2013-07-01"
"582",477,"WB-H098","Water Bottle - 30 oz.","AC_BC","Accessories","Bottles and Cages","No",2,"Other Sales","2013-07-01"
"583",477,"WB-H098","Water Bottle - 30 oz.","AC_BC","Accessories","Bottles and Cages","No",2,"Other Sales","2013-07-01"
